timestamp,open,low,high,close,volume
2014-12-22,165,160,187,187,6973200
2014-12-23,252,206,252,210,26042900
2014-12-24,210,185,232,185,21795000
2014-12-25,210,185,232,185,0
2014-12-26,210,185,232,185,0
2014-12-29,184,163,184,165,3926500
2014-12-30,165,139,165,143,76774800
2014-12-31,165,139,165,143,0
2015-01-01,165,139,165,143,0
2015-01-02,143,130,154,143,2544100
2015-01-05,150,144,154,147,1309000
2015-01-06,146,142,149,142,355700
2015-01-07,146,145,151,146,787000
2015-01-08,147,142,147,146,69866100
2015-01-09,147,142,147,144,5058900
2015-01-12,144,135,145,140,420400
2015-01-13,142,140,146,143,406100
2015-01-14,142,142,150,148,7173900
2015-01-15,146,145,160,146,15329800
2015-01-16,144,144,150,144,94100
2015-01-19,144,144,147,145,48100
2015-01-20,146,138,146,140,318600
2015-01-21,140,130,140,139,30509800
2015-01-22,140,130,141,130,392600
2015-01-23,130,125,132,130,568200
2015-01-26,132,125,133,129,318800
2015-01-27,125,124,133,133,239400
2015-01-28,135,127,135,133,121800
2015-01-29,133,128,134,133,107300
2015-01-30,128,128,136,133,15332700
2015-02-02,134,126,134,131,25020000
2015-02-03,128,128,133,133,5012000
2015-02-04,130,129,132,132,233300
2015-02-05,128,128,131,128,23300
2015-02-06,132,127,134,129,37300
2015-02-09,130,127,132,130,263200
2015-02-10,131,130,131,131,2782800
2015-02-11,131,129,131,130,249100
2015-02-12,132,126,137,133,886500
2015-02-13,135,131,136,133,58600
2015-02-16,136,132,145,135,2816600
2015-02-17,136,130,136,135,5600600
2015-02-18,135,133,136,135,292700
2015-02-19,135,133,136,135,0
2015-02-20,134,134,136,136,88300
2015-02-23,136,136,145,140,1547600
2015-02-24,139,130,139,133,13900
2015-02-25,136,135,140,139,12289400
2015-02-26,139,135,139,139,5400
2015-02-27,139,135,142,135,2100
2015-03-02,135,127,139,135,115500
2015-03-03,136,135,138,136,10651100
2015-03-04,137,136,142,142,349400
2015-03-05,139,136,145,139,10915500
2015-03-06,140,135,145,135,44400
2015-03-09,139,135,145,139,22125600
2015-03-10,139,130,139,135,5198300
2015-03-11,139,139,144,140,11300
2015-03-12,140,140,153,153,11339300
2015-03-13,154,154,179,162,610000
2015-03-16,177,152,177,152,17769700
2015-03-17,152,152,159,159,121100
2015-03-18,159,158,159,158,200
2015-03-19,158,143,160,159,44500
2015-03-20,159,152,165,160,48900
2015-03-23,154,153,157,156,18005700
2015-03-24,156,152,159,158,17868200
2015-03-25,160,153,161,157,60300
2015-03-26,153,153,155,154,20053100
2015-03-27,157,140,157,140,10900
2015-03-30,140,140,148,148,26900
2015-03-31,148,148,148,148,100
2015-04-01,148,145,150,145,12200
2015-04-02,148,140,156,151,12070700
2015-04-03,148,140,156,151,0
2015-04-06,150,143,150,144,8431000
2015-04-07,149,143,149,144,30019400
2015-04-08,144,142,144,144,30022000
2015-04-09,143,143,154,153,40086700
2015-04-10,153,147,153,150,30234600
2015-04-13,154,150,159,154,30049200
2015-04-14,154,144,156,153,20237500
2015-04-15,154,145,158,146,124700
2015-04-16,153,153,153,153,100
2015-04-17,142,126,152,142,40105300
2015-04-20,142,140,150,148,39059100
2015-04-21,141,135,147,144,21100800
2015-04-22,144,140,147,141,39513200
2015-04-23,140,140,145,140,19118400
2015-04-24,144,140,145,145,14700
2015-04-27,126,126,145,133,50027100
2015-04-28,133,133,142,139,10081400
2015-04-29,133,129,140,137,58700
2015-04-30,130,130,137,135,10012500
2015-05-01,130,130,137,135,0
2015-05-04,130,130,135,134,10007900
2015-05-05,134,129,134,134,10001300
2015-05-06,134,130,134,133,10000400
2015-05-07,133,130,135,135,10012700
2015-05-08,138,125,138,137,5000
2015-05-11,137,128,137,136,6700
2015-05-12,136,126,138,137,24200
2015-05-13,136,129,137,135,19600
2015-05-14,136,129,137,135,0
2015-05-15,131,131,135,135,1600
2015-05-18,131,130,134,132,14100
2015-05-19,134,125,134,131,99800
2015-05-20,125,125,129,126,21800
2015-05-21,131,125,131,125,29700
2015-05-22,126,123,131,129,20200
2015-05-25,124,124,134,134,200
2015-05-26,138,129,138,130,4871200
2015-05-27,129,129,135,135,200
2015-05-28,132,120,132,132,1100
2015-05-29,122,110,129,129,26100
2015-06-01,128,110,129,125,1300
2015-06-02,128,110,129,125,0
2015-06-03,134,120,135,120,4900
2015-06-04,125,120,125,120,89100
2015-06-05,119,119,125,125,5900
2015-06-08,130,121,130,130,1800
2015-06-09,132,125,132,128,50500
2015-06-10,132,130,132,130,1100
2015-06-11,116,116,129,127,5311400
2015-06-12,125,125,125,125,1000
2015-06-15,132,131,132,132,7900
2015-06-16,125,118,125,124,16100
2015-06-17,132,115,132,130,700
2015-06-18,132,118,132,125,51700
2015-06-19,132,117,132,118,5900
2015-06-22,119,119,129,129,200
2015-06-23,129,129,129,129,200
2015-06-24,129,129,129,129,300
2015-06-25,125,125,125,125,50000
2015-06-26,125,125,125,125,0
2015-06-29,120,120,120,120,200
2015-06-30,129,121,144,121,57500
2015-07-01,121,121,121,121,2400
2015-07-02,121,121,125,125,50200
2015-07-03,125,125,125,125,12500
2015-07-06,130,130,130,130,100
2015-07-07,130,130,130,130,0
2015-07-08,125,125,125,125,500
2015-07-09,130,130,130,130,100
2015-07-10,110,110,110,110,10000
2015-07-13,110,110,110,110,0
2015-07-14,103,101,103,101,400
2015-07-15,95,93,101,93,232100
2015-07-16,95,93,101,93,0
2015-07-17,95,93,101,93,0
2015-07-20,95,93,101,93,0
2015-07-21,95,93,101,93,0
2015-07-22,94,94,94,94,100
2015-07-23,95,95,109,99,1800
2015-07-24,99,99,99,99,100
2015-07-27,99,90,115,93,17000
2015-07-28,90,87,100,90,9924700
2015-07-29,91,91,99,91,4000
2015-07-30,92,92,92,92,4100
2015-07-31,92,92,92,92,2500
2015-08-03,80,80,98,98,2300
2015-08-04,109,105,109,105,1100
2015-08-05,100,100,100,100,4400
2015-08-06,100,90,105,100,8900
2015-08-07,120,120,120,120,100
2015-08-10,120,120,120,120,0
2015-08-11,120,120,120,120,0
2015-08-12,120,120,120,120,0
2015-08-13,82,82,101,101,2300
2015-08-14,101,101,119,118,900
2015-08-17,101,101,119,118,0
2015-08-18,118,118,135,130,1800
2015-08-19,130,130,130,130,0
2015-08-20,101,91,101,93,4300
2015-08-21,93,93,93,93,0
2015-08-24,77,63,89,89,24400
2015-08-25,89,85,89,85,95800
2015-08-26,85,85,85,85,96300
2015-08-27,95,87,109,87,2400
2015-08-28,87,87,87,87,0
2015-08-31,87,87,87,87,0
2015-09-01,90,90,106,106,2500
2015-09-02,100,100,100,100,500
2015-09-03,104,104,119,119,1000
2015-09-04,110,110,110,110,100
2015-09-07,110,105,120,105,2200
2015-09-08,105,105,105,105,2000
2015-09-09,105,100,119,105,1200
2015-09-10,115,98,115,104,400
2015-09-11,114,114,114,114,100
2015-09-14,114,104,116,114,1400
2015-09-15,112,112,112,112,100
2015-09-16,112,112,112,112,0
2015-09-17,101,101,117,117,300
2015-09-18,117,117,117,117,0
2015-09-21,117,117,117,117,0
2015-09-22,117,117,117,117,0
2015-09-23,117,117,117,117,0
2015-09-24,117,117,117,117,0
2015-09-25,117,117,117,117,0
2015-09-28,117,117,117,117,0
2015-09-29,117,117,117,117,0
2015-09-30,117,106,121,116,5400
2015-10-01,116,116,116,116,0
2015-10-02,116,116,116,116,0
2015-10-05,116,116,116,116,0
2015-10-06,116,116,125,125,400
2015-10-07,115,113,120,113,2950200
2015-10-08,105,104,115,115,12200
2015-10-09,115,115,137,137,35200
2015-10-12,140,124,140,133,900
2015-10-13,120,120,125,125,4500
2015-10-14,120,120,125,125,0
2015-10-15,113,113,127,117,3700
2015-10-16,124,108,124,108,11100
2015-10-19,120,120,120,120,100
2015-10-20,120,120,120,120,0
2015-10-21,120,108,125,108,4200
2015-10-22,101,101,121,101,300
2015-10-23,101,91,101,95,30200
2015-10-26,93,93,110,110,5500
2015-10-27,110,110,110,110,0
2015-10-28,105,100,109,109,8600
2015-10-29,99,99,100,100,20400
2015-10-30,92,92,95,93,25500
2015-11-02,93,93,93,93,0
2015-11-03,93,93,93,93,0
2015-11-04,95,95,95,95,200
2015-11-05,95,95,95,95,0
2015-11-06,95,95,95,95,0
2015-11-09,96,95,96,95,20500
2015-11-10,95,94,95,94,10700
2015-11-11,94,94,94,94,0
2015-11-12,95,94,95,94,7800
2015-11-13,89,88,94,94,68800
2015-11-16,94,94,94,94,0
2015-11-17,88,88,88,88,300
2015-11-18,88,88,88,88,0
2015-11-19,81,81,81,81,100
2015-11-20,93,93,93,93,400
2015-11-23,93,93,93,93,0
2015-11-24,93,93,93,93,0
2015-11-25,93,93,93,93,0
2015-11-26,93,93,93,93,0
2015-11-27,93,93,93,93,0
2015-11-30,93,93,93,93,0
2015-12-01,85,85,85,85,15000
2015-12-02,85,85,94,85,105200
2015-12-03,94,94,94,94,100
2015-12-04,90,85,90,85,103900
2015-12-07,82,82,89,88,300
2015-12-08,90,85,90,87,1500
2015-12-09,87,87,87,87,0
2015-12-10,90,87,90,87,4000
2015-12-11,84,84,84,84,9800
2015-12-14,80,80,81,80,32700
2015-12-15,94,82,94,82,5200
2015-12-16,88,85,88,85,2300
2015-12-17,82,81,82,82,4500
2015-12-18,92,85,92,85,4100
2015-12-21,85,84,85,84,15000
2015-12-22,86,82,86,86,31900
2015-12-23,90,90,90,90,9400
2015-12-24,90,90,90,90,0
2015-12-25,90,90,90,90,0
2015-12-28,87,85,88,85,3000
2015-12-29,88,86,88,86,26700
2015-12-30,89,85,89,85,5100
2015-12-31,89,85,89,85,0
2016-01-01,89,85,89,85,0
2016-01-04,88,88,88,88,200
2016-01-05,88,88,88,88,0
2016-01-06,88,88,88,88,9500
2016-01-07,88,88,88,88,400
2016-01-08,84,84,87,86,5600
2016-01-11,86,86,86,86,0
2016-01-12,82,82,92,88,400
2016-01-13,82,82,82,82,100
2016-01-14,83,83,83,83,3500
2016-01-15,83,83,83,83,0
2016-01-18,83,83,83,83,0
2016-01-19,83,83,83,83,0
2016-01-20,91,91,91,91,100
2016-01-21,83,82,87,87,6200
2016-01-22,88,83,89,88,9500
2016-01-25,88,88,88,88,0
2016-01-26,88,88,88,88,11100
2016-01-27,88,88,88,88,0
2016-01-28,92,92,92,92,1200
2016-01-29,92,92,92,92,0
2016-02-01,85,85,85,85,200
2016-02-02,95,84,95,84,45700
2016-02-03,84,84,94,90,19200
2016-02-04,90,90,90,90,0
2016-02-05,94,94,94,94,200
2016-02-08,94,94,94,94,0
2016-02-09,85,85,92,92,13400
2016-02-10,92,92,105,99,16500
2016-02-11,96,92,105,92,11300
2016-02-12,96,94,96,94,1600
2016-02-15,94,94,94,94,0
2016-02-16,86,86,90,87,92600
2016-02-17,86,86,86,86,6200
2016-02-18,86,86,86,86,0
2016-02-19,86,86,93,93,1000
2016-02-22,93,93,93,93,0
2016-02-23,93,93,93,93,0
2016-02-24,93,93,93,93,0
2016-02-25,90,85,90,85,405000
2016-02-26,94,94,94,94,100
2016-02-29,94,94,94,94,0
2016-03-01,85,85,90,88,123000
2016-03-02,90,90,90,90,200
2016-03-03,90,90,91,91,210800
2016-03-04,91,91,91,91,200
2016-03-07,95,91,95,91,600
2016-03-08,93,85,93,85,11500
2016-03-09,93,85,93,85,0
2016-03-10,83,83,84,84,13600
2016-03-11,83,83,84,84,0
2016-03-14,83,83,84,84,0
2016-03-15,93,93,95,95,2000
2016-03-16,94,94,95,95,25000
2016-03-17,94,94,108,97,17800
2016-03-18,88,88,89,89,1500
2016-03-21,98,93,104,94,77200
2016-03-22,104,90,104,94,123800
2016-03-23,100,94,100,94,2100
2016-03-24,99,86,99,94,10600
2016-03-25,99,86,99,94,0
2016-03-28,98,91,105,99,42600
2016-03-29,90,90,97,97,32300
2016-03-30,97,92,100,92,2700
2016-03-31,99,92,99,94,4300
2016-04-01,100,97,100,98,9300
2016-04-04,98,92,103,92,62100
2016-04-05,91,91,97,93,36600
2016-04-06,104,86,104,99,55300
2016-04-07,99,99,102,99,32300
2016-04-08,95,95,95,95,73500
2016-04-11,95,95,95,95,0
2016-04-12,99,98,100,99,12900
2016-04-13,99,98,100,99,0
2016-04-14,99,98,100,99,0
2016-04-15,99,98,100,99,0
2016-04-18,99,98,100,99,0
2016-04-19,99,99,99,99,0
2016-04-20,95,93,95,93,12100
2016-04-21,93,93,99,96,100500
2016-04-22,95,92,95,94,68800
2016-04-25,94,92,99,92,30100
2016-04-26,92,91,93,91,3100
2016-04-27,91,90,96,91,36100
2016-04-28,93,93,95,94,101600
2016-04-29,94,88,100,98,17300
2016-05-02,98,98,98,98,0
2016-05-03,100,90,100,91,700
2016-05-04,98,98,98,98,100
2016-05-05,98,98,98,98,0
2016-05-06,98,98,98,98,0
2016-05-09,98,98,98,98,0
2016-05-10,98,98,98,98,0
2016-05-11,93,92,93,93,4700
2016-05-12,97,94,97,94,600
2016-05-13,94,94,98,95,3300
2016-05-16,99,97,99,97,400
2016-05-17,97,97,97,97,0
2016-05-18,96,96,96,96,100
2016-05-19,95,92,96,92,1000
2016-05-20,92,92,92,92,0
2016-05-23,92,92,99,99,200
2016-05-24,90,90,92,92,5600
2016-05-25,92,92,92,92,0
2016-05-26,92,91,98,94,9700
2016-05-27,91,91,94,94,4700
2016-05-30,89,88,94,94,2600
2016-05-31,89,89,92,92,7600
2016-06-01,91,91,91,91,7500
2016-06-02,92,89,100,98,3100
2016-06-03,90,90,97,97,500
2016-06-06,90,90,94,94,400
2016-06-07,94,94,94,94,0
2016-06-08,94,93,94,93,1200
2016-06-09,94,92,94,92,600
2016-06-10,94,94,95,95,1000
2016-06-13,95,95,95,95,2000
2016-06-14,93,88,93,88,7300
2016-06-15,89,88,89,88,29800
2016-06-16,88,87,91,91,62900
2016-06-17,91,87,94,88,7300
2016-06-20,95,93,95,93,1100
2016-06-21,89,89,91,91,3900
2016-06-22,94,92,94,92,800
2016-06-23,92,90,92,90,500
2016-06-24,94,92,94,92,50100
2016-06-27,92,92,92,92,100
2016-06-28,90,90,93,93,7600
2016-06-29,93,93,94,94,1500
2016-06-30,93,90,93,93,28800
2016-07-01,100,100,102,102,500
2016-07-04,100,100,102,102,0
2016-07-05,100,100,102,102,0
2016-07-06,100,100,102,102,0
2016-07-07,100,100,102,102,0
2016-07-08,100,100,102,102,0
2016-07-11,94,93,104,104,82300
2016-07-12,103,100,105,103,70100
2016-07-13,93,93,100,93,10500
2016-07-14,115,95,115,113,74800
2016-07-15,113,112,113,113,8400
2016-07-18,113,103,113,110,19500
2016-07-19,115,100,116,110,2800
2016-07-20,110,99,110,103,32500
2016-07-21,97,94,100,94,93100
2016-07-22,99,92,99,97,7300
2016-07-25,93,93,98,97,4700
2016-07-26,97,88,97,90,56000
2016-07-27,97,92,100,96,29500
2016-07-28,96,93,98,93,201600
2016-07-29,90,90,97,95,8700
2016-08-01,95,95,100,96,700
2016-08-02,100,97,100,97,101300
2016-08-03,98,93,99,98,2200
2016-08-04,96,96,99,96,12000
2016-08-05,97,96,98,97,10000
2016-08-08,95,90,99,97,116400
2016-08-09,97,90,99,95,57300
2016-08-10,94,94,99,95,18900
2016-08-11,94,93,97,94,33000
2016-08-12,97,92,97,92,4300
2016-08-15,92,92,92,92,9300
2016-08-16,95,92,95,92,10900
2016-08-17,95,92,95,92,0
2016-08-18,94,92,94,92,1300
2016-08-19,92,92,95,93,124300
2016-08-22,94,94,98,97,135500
2016-08-23,97,95,104,98,107600
2016-08-24,98,97,104,101,156200
2016-08-25,110,100,110,104,57300
2016-08-26,109,94,109,101,1193500
2016-08-29,96,96,96,96,36100
2016-08-30,97,87,97,94,121400
2016-08-31,101,94,101,96,4300
2016-09-01,96,94,106,97,25600
2016-09-02,99,93,99,95,1700
2016-09-05,96,95,97,96,53500
2016-09-06,96,90,96,96,23300
2016-09-07,95,91,96,95,9100
2016-09-08,95,94,95,94,10700
2016-09-09,94,94,94,94,0
2016-09-12,94,94,94,94,0
2016-09-13,97,97,97,97,100
2016-09-14,90,90,96,96,400
2016-09-15,96,96,96,96,0
2016-09-16,96,96,96,96,100
2016-09-19,90,90,90,90,55000
2016-09-20,90,90,91,90,27100
2016-09-21,92,87,92,90,6800
2016-09-22,90,90,90,90,9700
2016-09-23,90,90,92,90,200
2016-09-26,89,89,89,89,500
2016-09-27,89,86,89,86,19500
2016-09-28,86,84,86,84,59400
2016-09-29,85,85,91,91,100300
2016-09-30,91,91,93,93,24700
2016-10-03,93,93,96,96,1300
2016-10-04,96,89,96,89,119100
2016-10-05,97,89,97,89,22000
2016-10-06,89,89,89,89,0
2016-10-07,85,84,86,85,30100
2016-10-10,85,84,90,90,9100
2016-10-11,90,90,93,93,100
2016-10-12,93,93,93,93,0
2016-10-13,92,92,92,92,100
2016-10-14,92,92,95,92,18500
2016-10-17,88,88,94,94,200
2016-10-18,90,89,90,89,3700
2016-10-19,88,88,95,94,10200
2016-10-20,89,85,94,86,27800
2016-10-21,88,88,88,88,1500
2016-10-24,88,88,93,92,1400
2016-10-25,91,91,91,91,400
2016-10-26,85,82,91,85,144000
2016-10-27,85,85,89,86,1600
2016-10-28,88,84,88,86,14200
2016-10-31,84,82,86,82,32600
2016-11-01,82,82,83,82,11100
2016-11-02,86,83,86,83,3800
2016-11-03,84,83,84,83,37300
2016-11-04,83,82,83,82,26200
2016-11-07,82,80,85,80,18600
2016-11-08,85,84,86,84,25600
2016-11-09,86,84,86,85,3600
2016-11-10,86,80,86,84,49900
2016-11-11,86,84,87,84,182200
2016-11-14,84,84,113,100,130300
2016-11-15,95,90,102,90,899900
2016-11-16,90,81,90,81,224300
2016-11-17,82,82,98,94,292300
2016-11-18,88,88,99,90,57800
2016-11-21,100,92,100,93,3
2016-11-22,103,100,103,100,50200
2016-11-23,100,100,100,100,0
2016-11-24,100,92,101,92,3700
2016-11-25,99,98,100,98,102900
2016-11-28,98,90,101,95,17000
2016-11-29,97,90,97,90,27800
2016-11-30,93,93,93,93,500
2016-12-01,93,85,95,86,31000
2016-12-02,92,92,93,92,36200
2016-12-05,91,90,93,92,8100
2016-12-06,93,91,93,92,10500
2016-12-07,92,85,93,92,77600
2016-12-08,94,85,94,86,17000
2016-12-09,86,86,91,88,11300
2016-12-12,86,86,91,88,0
2016-12-13,88,88,91,88,3400
2016-12-14,89,85,90,85,9300
2016-12-15,84,84,89,89,500
2016-12-16,89,89,90,90,100
2016-12-19,90,90,90,90,800
2016-12-20,90,86,90,86,100
2016-12-21,86,86,90,88,400
2016-12-22,84,84,85,85,9000
2016-12-23,85,85,85,85,0
2016-12-26,85,85,85,85,0
2016-12-27,87,87,87,87,100
2016-12-28,87,87,87,87,0
2016-12-29,91,91,91,91,200
2016-12-30,91,91,91,91,0
2017-01-02,91,91,91,91,0
2017-01-03,91,91,91,91,0
2017-01-04,91,91,91,91,600
2017-01-05,91,91,95,91,43100
2017-01-06,91,91,91,91,1300
2017-01-09,91,82,99,89,152500
2017-01-10,89,81,89,82,179800
2017-01-11,82,82,89,88,106400
2017-01-12,88,88,94,88,87000
2017-01-13,87,87,88,88,22100
2017-01-16,88,82,92,91,28000
2017-01-17,91,91,92,91,700
2017-01-18,91,86,92,91,15200
2017-01-19,86,86,91,89,6200
2017-01-20,89,86,89,88,18100
2017-01-23,88,87,94,94,29300
2017-01-24,88,88,94,93,34800
2017-01-25,99,88,99,96,13900
2017-01-26,96,96,96,96,0
2017-01-27,90,90,95,90,280900
2017-01-30,90,90,96,94,4100
2017-01-31,93,92,99,93,200000
2017-02-01,93,92,105,103,126700
2017-02-02,96,96,107,106,3057600
2017-02-03,106,102,125,106,56700
2017-02-06,106,100,108,104,7100
2017-02-07,103,100,104,103,11400
2017-02-08,104,100,110,101,15800
2017-02-09,101,100,110,106,274800
2017-02-10,106,100,125,110,121600
2017-02-13,110,104,110,105,88200
2017-02-14,105,104,110,105,33100
2017-02-15,105,105,105,105,0
2017-02-16,105,104,105,104,42600
2017-02-17,104,104,110,104,115000
2017-02-20,110,104,110,104,5000
2017-02-21,103,103,109,103,41500
2017-02-22,100,100,100,100,35100
2017-02-23,90,90,109,109,4500
2017-02-24,109,109,109,109,100
2017-02-27,103,100,112,110,6000
2017-02-28,109,100,109,109,204800
2017-03-01,109,99,115,106,5300
2017-03-02,112,100,112,105,8100
2017-03-03,112,107,112,107,1700
2017-03-06,110,110,110,110,200
2017-03-07,110,100,113,109,9200
2017-03-08,109,101,112,107,11000
2017-03-09,110,110,110,110,200
2017-03-10,111,110,112,110,700
2017-03-13,114,114,114,114,100
2017-03-14,111,111,111,111,100
2017-03-15,111,96,111,110,9400
2017-03-16,115,93,115,110,4000
2017-03-17,110,98,112,100,14900
2017-03-20,100,100,114,110,9100
2017-03-21,110,100,118,109,10100
2017-03-22,109,106,110,106,7300
2017-03-23,107,106,110,107,3600
2017-03-24,107,105,107,105,900
2017-03-27,103,92,111,103,11000
2017-03-28,103,92,111,103,0
2017-03-29,99,99,104,104,3100
2017-03-30,99,99,101,99,49000
2017-03-31,99,99,100,100,1200
2017-04-03,103,93,104,100,17100
2017-04-04,100,97,101,97,400
2017-04-05,100,97,101,97,0
2017-04-06,99,99,99,99,6000
2017-04-07,99,99,101,101,2100
2017-04-10,101,101,101,101,0
2017-04-11,101,99,101,99,12400
2017-04-12,99,97,99,98,72800
2017-04-13,99,99,99,99,10000
2017-04-14,99,99,99,99,0
2017-04-17,99,99,100,100,111200
2017-04-18,99,99,100,99,5100
2017-04-19,99,99,99,99,0
2017-04-20,99,99,100,100,2300
2017-04-21,99,99,99,99,100
2017-04-24,99,99,99,99,0
2017-04-25,99,95,99,96,388000
2017-04-26,97,97,129,129,1754300
2017-04-27,140,140,169,153,2065100
2017-04-28,153,153,206,204,2931600
2017-05-01,153,153,206,204,0
2017-05-02,210,155,214,170,1536800
2017-05-03,175,141,175,148,502600
2017-05-04,150,115,169,126,754300
2017-05-05,130,108,134,111,1105800
2017-05-08,111,100,117,115,460400
2017-05-09,116,111,150,142,1503600
2017-05-10,142,142,162,151,2052200
2017-05-11,142,142,162,151,0
2017-05-12,151,135,161,141,1029600
2017-05-15,141,124,142,126,279500
2017-05-16,131,131,140,132,132500
2017-05-17,132,123,136,124,94500
2017-05-18,124,122,132,126,161000
2017-05-19,126,126,139,139,393600
2017-05-22,139,138,147,143,354700
2017-05-23,144,144,150,146,197500
2017-05-24,146,146,196,195,3487200
2017-05-25,146,146,196,195,0
2017-05-26,196,196,236,218,9086200
2017-05-29,218,189,218,192,3692200
2017-05-30,192,172,192,177,1722400
2017-05-31,177,167,180,170,502000
2017-06-01,170,170,170,170,0
2017-06-02,175,162,192,190,1192700
2017-06-05,192,183,220,196,2149500
2017-06-06,197,188,208,194,357500
2017-06-07,194,188,194,189,53900
2017-06-08,192,184,230,208,2944000
2017-06-09,212,204,216,210,567300
2017-06-12,200,199,224,220,648100
2017-06-13,222,214,240,226,3300900
2017-06-14,226,226,240,232,2748000
2017-06-15,240,240,290,290,5620100
2017-06-16,320,308,362,362,6689600
2017-06-19,362,362,362,362,0
2017-06-20,380,324,452,452,21730800
2017-06-21,452,408,545,430,16669500
2017-06-22,430,430,494,446,4222900
2017-06-23,446,446,446,446,0
2017-06-26,446,446,446,446,0
2017-06-27,446,446,446,446,0
2017-06-28,446,446,446,446,0
2017-06-29,446,446,446,446,0
2017-06-30,446,446,446,446,0
2017-07-03,446,402,470,424,1082800
2017-07-04,424,414,452,426,517600
2017-07-05,430,412,446,420,563700
2017-07-06,422,400,428,400,425500
2017-07-07,400,380,408,384,248600
2017-07-10,384,384,384,384,0
2017-07-11,358,358,410,382,1219300
2017-07-12,382,362,396,366,727900
2017-07-13,366,352,372,354,434200
2017-07-14,354,332,354,332,670200
2017-07-17,332,306,342,320,992300
2017-07-18,320,320,348,326,608000
2017-07-19,328,328,338,334,438900
2017-07-20,336,336,400,378,2348000
2017-07-21,384,380,408,386,2720700
2017-07-24,390,350,392,358,624400
2017-07-25,358,328,358,330,892500
2017-07-26,330,320,334,328,368300
2017-07-27,328,320,332,320,400200
2017-07-28,320,320,348,342,902000
2017-07-31,342,330,350,330,279500
2017-08-01,330,330,348,332,116300
2017-08-02,328,322,344,328,91300
2017-08-03,324,322,336,322,160000
2017-08-04,302,302,322,316,252300
2017-08-07,316,312,318,312,77800
2017-08-08,312,308,322,314,181300
2017-08-09,316,306,318,310,57100
2017-08-10,310,308,322,316,231900
2017-08-11,316,304,316,316,72200
2017-08-14,316,300,316,300,262000
2017-08-15,300,290,302,292,292900
2017-08-16,292,288,306,292,177100
2017-08-17,292,292,292,292,0
2017-08-18,292,280,298,292,84300
2017-08-21,292,284,292,286,114500
2017-08-22,274,262,286,262,89700
2017-08-23,280,262,280,262,338900
2017-08-24,272,262,280,266,491700
2017-08-25,262,260,276,268,19700
2017-08-28,276,260,276,268,28400
2017-08-29,260,260,268,266,1300
2017-08-30,260,248,264,260,122000
2017-08-31,260,242,260,258,84000
2017-09-01,258,258,258,258,0
2017-09-04,250,250,264,258,433400
2017-09-05,250,220,250,220,524800
2017-09-06,224,224,248,230,110600
2017-09-07,238,230,252,232,206300
2017-09-08,240,240,290,290,788300
2017-09-11,290,290,362,356,2801800
2017-09-12,356,280,356,298,1287900
2017-09-13,298,268,314,278,205700
2017-09-14,276,276,300,300,174800
2017-09-15,300,270,300,280,153700
2017-09-18,280,262,316,284,617400
2017-09-19,284,284,296,284,102700
2017-09-20,286,272,290,272,148200
2017-09-21,272,272,272,272,0
2017-09-22,272,272,296,280,80800
2017-09-25,284,276,290,276,286000
2017-09-26,276,254,276,260,73400
2017-09-27,260,258,272,260,23200
2017-09-28,260,256,266,264,30600
2017-09-29,266,252,266,252,39200
2017-10-02,260,260,310,274,1087200
2017-10-03,274,248,274,256,546700
2017-10-04,256,256,268,258,245400
2017-10-05,260,256,264,258,114900
2017-10-06,258,254,262,260,64600
2017-10-09,256,256,266,260,66100
2017-10-10,260,252,268,252,181300
2017-10-11,252,248,258,254,71600
2017-10-12,254,254,256,254,15100
2017-10-13,254,252,260,254,9100
2017-10-16,254,254,280,264,123800
2017-10-17,266,254,266,260,54100
2017-10-18,260,248,290,264,152800
2017-10-19,264,254,280,266,62600
2017-10-20,252,250,276,268,124300
2017-10-23,268,256,268,264,77200
2017-10-24,260,250,264,256,372300
2017-10-25,256,250,260,252,173200
2017-10-26,252,250,260,256,91700
2017-10-27,256,254,256,254,10200
2017-10-30,252,252,256,254,12900
2017-10-31,254,252,266,252,3300
2017-11-01,252,252,270,260,24700
2017-11-02,260,258,262,258,13900
2017-11-03,258,246,260,246,146300
2017-11-06,246,236,258,250,94400
2017-11-07,250,250,260,250,247700
2017-11-08,254,248,254,248,38200
2017-11-09,250,250,260,258,195300
2017-11-10,260,260,270,264,140800
2017-11-13,264,260,270,260,147800
2017-11-14,262,262,270,262,89600
2017-11-15,262,256,262,256,104600
2017-11-16,258,256,266,260,38400
2017-11-17,264,246,264,246,8900
2017-11-20,250,248,266,248,63000
2017-11-21,248,248,256,254,54700
2017-11-22,254,254,254,254,3100
2017-11-23,254,254,254,254,1000
2017-11-24,254,254,260,260,6500
2017-11-27,250,246,250,246,17300
2017-11-28,250,246,256,252,14200
2017-11-29,252,250,266,266,55800
2017-11-30,266,252,270,252,210600
2017-12-01,252,252,252,252,0
2017-12-04,258,248,258,248,80300
2017-12-05,250,240,254,252,18300
2017-12-06,252,240,254,240,7800
2017-12-07,246,234,250,234,67200
2017-12-08,238,238,250,250,20700
2017-12-11,250,248,250,248,36300
2017-12-12,240,230,248,248,4600
2017-12-13,248,240,260,252,4400
2017-12-14,242,242,256,242,4800
2017-12-15,258,240,258,240,19100
2017-12-18,254,246,254,246,18300
2017-12-19,250,246,256,254,115800
2017-12-20,254,246,254,246,41400
2017-12-21,246,232,254,254,44500
2017-12-22,246,242,252,244,15600
2017-12-25,244,244,244,244,0
2017-12-26,244,244,244,244,0
2017-12-27,248,244,248,244,42900
2017-12-28,246,246,246,246,800
2017-12-29,244,226,246,230,145500
2018-01-01,230,230,230,230,0
2018-01-02,234,234,236,236,26400
2018-01-03,236,230,256,242,39600
2018-01-04,226,226,242,232,47900
2018-01-05,232,230,246,240,14700
2018-01-08,242,236,246,238,92700
2018-01-09,240,240,244,244,33100
2018-01-10,244,240,248,240,42500
2018-01-11,240,240,240,240,35300
2018-01-12,244,236,244,240,12300
2018-01-15,240,240,246,246,5100
2018-01-16,246,242,246,242,30100
2018-01-17,236,236,246,244,3900
2018-01-18,244,220,246,244,12500
2018-01-19,244,244,244,244,11000
2018-01-22,246,246,246,246,100
2018-01-23,244,226,244,240,2600
2018-01-24,226,226,242,242,50300
2018-01-25,240,230,240,234,58100
2018-01-26,234,230,234,230,66200
2018-01-29,236,236,286,286,1066900
2018-01-30,300,270,330,278,1863200
2018-01-31,278,270,290,280,155500
2018-02-01,278,260,282,264,275300
2018-02-02,264,258,266,260,153800
2018-02-05,264,252,300,284,401300
2018-02-06,320,288,354,354,3001100
2018-02-07,350,350,442,442,7529100
2018-02-08,452,402,484,420,4834700
2018-02-09,430,408,456,408,3024200
2018-02-12,408,370,408,370,1144500
2018-02-13,378,342,378,360,653800
2018-02-14,370,360,420,406,3074600
2018-02-15,420,396,440,398,1995300
2018-02-16,398,398,398,398,0
2018-02-19,402,384,496,496,4588100
2018-02-20,510,505,620,620,4309200
2018-02-21,660,655,775,695,9000500
2018-02-22,695,695,795,740,2603200
2018-02-23,750,680,775,685,1479700
2018-02-26,685,560,685,610,1459500
2018-02-27,605,590,650,600,900000
2018-02-28,595,525,620,595,1345600
2018-03-01,620,570,620,570,590400
2018-03-02,595,560,615,560,446100
2018-03-05,595,565,595,590,568400
2018-03-06,550,550,735,735,2834800
2018-03-07,725,640,760,655,1538900
2018-03-08,670,670,750,720,659500
2018-03-09,730,650,765,700,528800
2018-03-12,750,650,750,685,326200
2018-03-13,735,640,740,650,1507700
2018-03-14,680,650,725,685,1102000
2018-03-15,685,655,700,660,506200
2018-03-16,670,610,670,630,306700
2018-03-19,610,595,615,605,126600
2018-03-20,600,560,600,570,119900
2018-03-21,570,550,610,565,133600
2018-03-22,565,550,600,550,170600
2018-03-23,550,540,565,560,119100
2018-03-26,550,540,550,545,70400
2018-03-27,545,545,565,560,33800
2018-03-28,565,535,565,535,77700
2018-03-29,530,498,530,515,41100
2018-03-30,515,515,515,515,0
2018-04-02,520,520,535,520,40700
2018-04-03,515,510,555,555,69800
2018-04-04,555,525,570,545,124700
2018-04-05,560,545,600,565,244000
2018-04-06,560,530,560,555,14900
2018-04-09,550,535,570,535,6300
2018-04-10,535,535,600,535,124000
2018-04-11,540,535,540,540,9300
2018-04-12,530,530,540,535,43600
2018-04-13,535,490,535,500,26000
2018-04-16,500,500,500,500,0
2018-04-17,500,500,500,500,0
2018-04-18,480,476,480,476,18500
2018-04-19,476,476,476,476,0
2018-04-20,476,476,476,476,0
2018-04-23,530,476,530,476,59500
2018-04-24,480,470,480,472,188700
2018-04-25,472,472,472,472,0
2018-04-26,472,472,472,472,0
2018-04-27,472,472,472,472,0
2018-04-30,430,430,460,430,2200
2018-05-01,430,430,430,430,0
2018-05-02,430,430,500,478,5400
2018-05-03,460,402,460,404,18900
2018-05-04,505,430,505,450,32700
2018-05-07,470,412,470,470,22500
2018-05-08,468,380,468,400,117900
2018-05-09,400,340,400,368,114700
2018-05-10,368,368,368,368,0
2018-05-11,348,348,398,398,6300
2018-05-14,428,410,428,412,13200
2018-05-15,400,380,440,384,28000
2018-05-16,370,370,414,414,11600
2018-05-17,410,400,410,400,3200
2018-05-18,416,396,440,396,10500
2018-05-21,400,360,400,376,2300
2018-05-22,376,376,440,382,138000
2018-05-23,384,382,422,408,18700
2018-05-24,400,400,408,408,4200
2018-05-25,406,378,416,392,99500
2018-05-28,384,376,386,376,231000
2018-05-29,376,376,376,376,0
2018-05-30,372,360,374,360,147600
2018-05-31,362,350,378,350,42600
2018-06-01,350,350,350,350,0
2018-06-04,352,328,352,328,101600
2018-06-05,336,334,342,336,53600
2018-06-06,336,336,336,336,68100
2018-06-07,336,330,336,336,44500
2018-06-08,334,334,348,336,31100
2018-06-11,336,336,336,336,0
2018-06-12,336,336,336,336,0
2018-06-13,336,336,336,336,0
2018-06-14,336,336,336,336,0
2018-06-15,336,336,336,336,0
2018-06-18,336,336,336,336,0
2018-06-19,336,336,336,336,0
2018-06-20,334,330,334,330,6900
2018-06-21,330,330,352,350,45100
2018-06-22,390,338,390,370,33300
2018-06-25,390,340,390,340,20000
2018-06-26,340,320,340,320,8700
2018-06-27,320,320,358,322,42400
2018-06-28,322,266,322,280,242000
2018-06-29,274,272,330,310,74500
2018-07-02,292,282,310,292,35800
2018-07-03,280,270,290,270,81700
2018-07-04,270,270,280,280,4400
2018-07-05,280,280,282,280,22300
2018-07-06,262,222,262,238,400
2018-07-09,240,240,252,252,84200
2018-07-10,252,252,264,254,32700
2018-07-11,256,256,278,278,9800
2018-07-12,270,260,270,266,50200
2018-07-13,266,258,266,260,5000
2018-07-16,242,242,310,280,100700
2018-07-17,300,266,300,270,23400
2018-07-18,274,260,286,266,77800
2018-07-19,266,262,270,266,12000
2018-07-20,266,242,266,264,52400
2018-07-23,250,250,252,252,15300
2018-07-24,252,248,254,254,50600
2018-07-25,248,248,260,256,1300
2018-07-26,250,238,260,250,330100
2018-07-27,248,248,250,250,24300
2018-07-30,250,250,254,250,46300
2018-07-31,250,248,270,270,16100
2018-08-01,270,248,270,248,104800
2018-08-02,254,248,254,248,32400
2018-08-03,260,240,260,246,20600
2018-08-06,246,246,258,258,32600
2018-08-07,270,250,270,250,37600
2018-08-08,256,248,256,248,700
2018-08-09,248,242,248,248,38300
2018-08-10,250,244,250,244,6400
2018-08-13,230,230,238,238,60400
2018-08-14,230,228,236,232,1300
2018-08-15,250,206,290,228,1580800
2018-08-16,228,222,260,260,588600
2018-08-17,260,260,260,260,0
2018-08-20,260,244,270,260,89200
2018-08-21,280,254,280,276,164100
2018-08-22,276,276,276,276,0
2018-08-23,254,240,274,240,163500
2018-08-24,260,234,260,242,7600
2018-08-27,240,240,258,242,312400
2018-08-28,242,240,250,250,13600
2018-08-29,248,248,254,254,17700
2018-08-30,246,246,246,246,1000
2018-08-31,244,244,250,250,200
2018-09-03,254,248,254,248,3500
2018-09-04,242,234,242,240,8400
2018-09-05,222,216,254,230,44700
2018-09-06,236,228,236,234,21800
2018-09-07,240,228,248,228,100400
2018-09-10,220,220,236,236,105200
2018-09-11,236,236,236,236,0
2018-09-12,220,220,238,234,6500
2018-09-13,238,220,238,234,2500
2018-09-14,232,232,238,238,3000
2018-09-17,240,234,292,288,494500
2018-09-18,288,244,292,260,179400
2018-09-19,258,232,260,232,20100
2018-09-20,232,226,250,226,76300
2018-09-21,244,244,280,248,97500
2018-09-24,266,234,266,236,61900
2018-09-25,236,230,240,230,54700
2018-09-26,230,230,260,250,54100
2018-09-27,250,232,250,250,5100
2018-09-28,248,232,248,236,4600
2018-10-01,254,230,254,240,11300
2018-10-02,240,232,250,232,8600
2018-10-03,230,230,240,230,6600
2018-10-04,230,230,232,232,41900
2018-10-05,240,232,250,242,45200
2018-10-08,236,236,244,244,26900
2018-10-09,244,240,244,240,12600
2018-10-10,230,230,240,232,144500
2018-10-11,232,230,238,238,33400
2018-10-12,232,232,254,254,82600
2018-10-15,254,242,254,244,70300
2018-10-16,260,234,260,234,121400
2018-10-17,234,234,256,256,41400
2018-10-18,256,236,256,236,56000
2018-10-19,238,236,244,240,32200
2018-10-22,244,242,244,242,14700
2018-10-23,240,232,240,232,800
2018-10-24,242,234,244,234,23600
2018-10-25,232,230,242,238,25400
2018-10-26,238,236,238,236,11300
2018-10-29,236,234,236,234,16200
2018-10-30,236,236,236,236,8000
2018-10-31,236,232,236,232,6700
2018-11-01,236,236,252,236,15400
2018-11-02,236,236,236,236,0
2018-11-05,256,230,256,232,4400
2018-11-06,234,234,236,234,14800
2018-11-07,234,234,234,234,5200
2018-11-08,234,226,250,248,4400
2018-11-09,248,234,248,234,27200
2018-11-12,236,236,250,240,51100
2018-11-13,248,232,250,250,27500
2018-11-14,248,234,248,234,27500
2018-11-15,234,234,234,234,2200
2018-11-16,240,240,240,240,10200
2018-11-19,240,240,240,240,0
2018-11-20,240,240,240,240,0
2018-11-21,250,230,250,232,36100
2018-11-22,238,238,238,238,5000
2018-11-23,238,238,238,238,0
2018-11-26,224,224,224,224,3700
2018-11-27,230,226,250,250,26800
2018-11-28,248,238,248,238,2200
2018-11-29,238,238,238,238,1600
2018-11-30,238,232,238,232,34300
2018-12-03,228,228,230,230,32100
2018-12-04,236,236,248,238,700
2018-12-05,238,238,238,238,0
2018-12-06,238,238,238,238,0
2018-12-07,228,226,230,226,34400
2018-12-10,228,228,230,230,6200
2018-12-11,228,228,230,230,3100
2018-12-12,230,230,240,240,400
2018-12-13,238,228,238,230,3600
2018-12-14,230,230,230,230,0
2018-12-17,244,224,244,230,66400
2018-12-18,238,238,286,286,485700
2018-12-19,320,320,356,356,874700
2018-12-20,370,274,440,294,2376000
2018-12-21,294,266,324,274,358100
2018-12-24,274,274,274,274,0
2018-12-25,274,274,274,274,0
2018-12-26,274,274,294,290,91800
2018-12-27,288,232,290,232,75900
2018-12-28,234,234,252,238,111500
2018-12-31,238,238,238,238,0
2019-01-01,238,238,238,238,0
2019-01-02,252,236,290,274,120500
2019-01-03,274,260,278,260,41400
2019-01-04,280,260,320,266,174200
2019-01-07,266,266,322,312,137700
2019-01-08,312,250,312,300,63600
2019-01-09,300,298,302,298,46900
2019-01-10,282,280,298,280,26000
2019-01-11,280,280,318,318,47200
2019-01-14,318,310,318,310,3700
2019-01-15,310,288,314,300,21800
2019-01-16,308,308,374,374,1052700
2019-01-17,400,400,466,466,728800
2019-01-18,510,480,580,490,3654900
2019-01-21,500,390,510,402,1002800
2019-01-22,402,398,424,402,163300
2019-01-23,404,396,418,396,53500
2019-01-24,396,374,398,388,147700
2019-01-25,388,380,388,388,40500
2019-01-28,402,378,402,394,100800
2019-01-29,394,392,448,404,218600
2019-01-30,412,380,434,390,289400
2019-01-31,392,390,416,402,34800
2019-02-01,402,390,402,390,205200
2019-02-04,390,382,390,382,64200
2019-02-05,382,382,382,382,0
2019-02-06,380,374,382,380,49200
2019-02-07,370,370,372,372,63800
2019-02-08,372,372,400,382,91400
2019-02-11,380,374,380,374,39400
2019-02-12,374,356,374,356,29300
2019-02-13,358,358,360,360,116900
2019-02-14,360,354,360,354,27700
2019-02-15,358,352,360,352,90000
2019-02-18,352,352,360,352,2300
2019-02-19,360,350,360,350,81500
2019-02-20,352,340,356,356,104700
2019-02-21,374,360,374,366,15500
2019-02-22,366,356,392,392,55900
2019-02-25,392,366,392,384,79300
2019-02-26,384,378,392,392,35600
2019-02-27,372,372,376,374,28700
2019-02-28,374,362,374,362,39200
2019-03-01,362,352,368,366,88100
2019-03-04,366,366,386,376,40600
2019-03-05,382,366,382,374,10200
2019-03-06,388,360,388,380,19300
2019-03-07,380,380,380,380,0
2019-03-08,390,354,390,354,2200
2019-03-11,368,364,368,364,10900
2019-03-12,380,360,380,360,12300
2019-03-13,364,360,370,360,1500
2019-03-14,360,358,360,358,11100
2019-03-15,380,362,380,362,3800
2019-03-18,368,362,368,364,3900
2019-03-19,372,360,372,360,10600
2019-03-20,350,350,352,350,12600
2019-03-21,368,350,368,352,17000
2019-03-22,366,350,366,350,8800
2019-03-25,342,342,358,356,500
2019-03-26,350,342,350,342,12600
2019-03-27,342,342,342,342,0
2019-03-28,348,334,350,334,10400
2019-03-29,346,292,346,330,17400
2019-04-01,320,270,320,270,13800
2019-04-02,290,290,300,290,10800
2019-04-03,290,290,290,290,0
2019-04-04,294,280,300,280,42900
2019-04-05,300,282,300,290,5100
2019-04-08,310,290,310,310,5200
2019-04-09,310,300,310,310,203800
2019-04-10,320,310,320,318,15100
2019-04-11,308,302,318,312,34700
2019-04-12,310,302,310,304,57700
2019-04-15,304,304,306,306,11600
2019-04-16,304,304,314,306,7900
2019-04-17,306,306,306,306,0
2019-04-18,306,304,310,304,52600
2019-04-19,304,304,304,304,0
2019-04-22,304,304,314,304,105700
2019-04-23,314,304,320,306,36700
2019-04-24,306,306,320,308,6500
2019-04-25,308,308,314,310,60000
2019-04-26,308,308,314,314,5500
2019-04-29,314,302,318,318,704300
2019-04-30,318,308,318,308,2600
2019-05-01,308,308,308,308,0
2019-05-02,320,306,320,306,3700
2019-05-03,308,304,316,306,53500
2019-05-06,308,308,320,310,54600
2019-05-07,326,308,326,308,33700
2019-05-08,308,304,308,304,12000
2019-05-09,310,300,324,324,7000
2019-05-10,322,310,324,322,2800
2019-05-13,312,312,312,312,1500
2019-05-14,320,310,320,310,500
2019-05-15,302,302,310,310,20100
2019-05-16,302,302,302,302,200
2019-05-17,300,292,300,292,5800
2019-05-20,292,292,330,328,22200
2019-05-21,328,300,328,302,1900
2019-05-22,294,294,294,294,1100
2019-05-23,300,300,300,300,7600
2019-05-24,300,300,300,300,200
2019-05-27,300,300,320,300,10700
2019-05-28,300,300,310,310,11400
2019-05-29,310,310,310,310,0
2019-05-30,310,310,310,310,0
2019-05-31,308,308,312,312,4300
2019-06-03,312,312,312,312,0
2019-06-04,312,312,312,312,0
2019-06-05,312,312,312,312,0
2019-06-06,312,312,312,312,0
2019-06-07,312,312,312,312,0
2019-06-10,312,312,312,312,100
2019-06-11,312,312,312,312,0
2019-06-12,312,312,312,312,800
2019-06-13,312,312,312,312,200
2019-06-14,312,312,312,312,0
2019-06-17,310,310,310,310,1100
2019-06-18,310,310,310,310,0
2019-06-19,310,310,310,310,0
2019-06-20,290,290,312,312,2300
2019-06-21,310,310,310,310,100
2019-06-24,310,300,310,300,1100
2019-06-25,300,300,300,300,700
2019-06-26,300,300,300,300,0
2019-06-27,300,300,300,300,2800
2019-06-28,300,300,300,300,0
2019-07-01,300,300,300,300,100
2019-07-02,300,300,300,300,100
2019-07-03,300,232,300,232,6400
2019-07-04,250,240,290,290,14200
2019-07-05,288,272,320,272,80100
2019-07-08,272,270,320,318,50300
2019-07-09,318,272,318,296,10300
2019-07-10,316,314,316,314,1000
2019-07-11,314,280,314,280,19800
2019-07-12,278,272,280,280,31400
2019-07-15,288,250,288,280,29100
2019-07-16,280,278,308,278,29800
2019-07-17,278,278,278,278,1600
2019-07-18,268,266,280,280,20300
2019-07-19,280,280,280,280,100
2019-07-22,270,250,282,282,30700
2019-07-23,282,282,282,282,200
2019-07-24,282,252,282,278,7200
2019-07-25,298,260,298,290,36200
2019-07-26,290,254,292,284,17400
2019-07-29,290,282,290,282,2700
2019-07-30,300,252,300,258,29800
2019-07-31,278,260,292,260,28400
2019-08-01,280,254,280,254,19300
2019-08-02,280,254,288,258,31100
2019-08-05,278,260,300,264,30200
2019-08-06,250,250,262,262,1900
2019-08-07,244,244,292,282,16100
2019-08-08,296,260,296,280,16000
2019-08-09,292,292,292,292,100
2019-08-12,300,278,300,280,11200
2019-08-13,280,260,280,260,19000
2019-08-14,280,250,280,258,34400
2019-08-15,278,256,278,274,8400
2019-08-16,280,260,280,260,600
2019-08-19,286,264,324,312,494700
2019-08-20,314,312,388,324,375400
2019-08-21,324,292,340,310,145900
2019-08-22,308,296,330,330,62800
2019-08-23,328,248,328,248,4043300
2019-08-26,238,202,248,220,1294100
2019-08-27,222,220,232,222,734300
2019-08-28,228,204,228,208,398600
2019-08-29,210,200,218,204,289300
2019-08-30,206,200,210,200,363000
2019-09-02,200,196,214,198,506000
2019-09-03,206,195,206,200,55000
2019-09-04,200,198,216,200,69800
2019-09-05,200,198,200,198,67300
2019-09-06,200,198,200,200,99000
2019-09-09,200,200,208,200,26100
2019-09-10,200,198,200,200,39000
2019-09-11,200,198,204,202,77300
2019-09-12,204,198,204,200,150300
2019-09-13,198,196,198,198,52000
2019-09-16,198,193,198,197,92800
2019-09-17,197,193,197,196,69500
2019-09-18,199,196,199,196,5600
2019-09-19,197,190,197,190,112100
2019-09-20,190,190,191,190,176300
2019-09-23,190,190,196,190,102300
2019-09-24,190,180,190,187,65600
2019-09-25,197,180,198,188,16900
2019-09-26,181,181,185,181,50800
2019-09-27,185,180,185,180,19600
2019-09-30,180,175,184,176,10100
2019-10-01,176,170,179,174,167100
2019-10-02,179,179,230,200,987400
2019-10-03,200,180,202,185,368500
2019-10-04,191,181,191,181,70900
2019-10-07,181,181,200,185,46200
2019-10-08,185,174,195,180,43500
2019-10-09,181,181,189,187,40000
2019-10-10,189,182,190,182,16100
2019-10-11,182,182,187,183,5400
2019-10-14,183,176,185,182,43700
2019-10-15,180,178,181,178,46900
2019-10-16,179,179,184,179,31600
2019-10-17,180,176,180,178,83900
2019-10-18,178,174,178,175,48100
2019-10-21,175,172,206,194,259500
2019-10-22,194,194,204,198,106600
2019-10-23,198,181,202,184,59700
2019-10-24,180,174,185,179,560200
2019-10-25,189,179,189,179,40300
2019-10-28,179,176,181,181,35700
2019-10-29,180,177,180,177,26800
2019-10-30,177,174,177,174,131200
2019-10-31,174,174,180,178,4400
2019-11-01,175,172,175,173,70600
2019-11-04,178,172,178,173,23200
2019-11-05,173,172,177,175,14300
2019-11-06,171,170,176,171,9500
2019-11-07,175,171,199,178,230300
2019-11-08,177,170,178,177,58900
2019-11-11,170,163,181,178,78600
2019-11-12,178,168,178,177,43800
2019-11-13,178,171,180,178,32200
2019-11-14,188,173,188,181,94400
2019-11-15,170,170,180,179,2300
2019-11-18,184,170,184,178,50500
2019-11-19,178,170,178,176,26300
2019-11-20,176,170,182,170,50900
2019-11-21,171,170,180,176,34400
2019-11-22,176,165,176,173,71800
2019-11-25,173,163,180,172,126300
2019-11-26,172,165,175,171,33300
2019-11-27,170,168,178,170,41400
2019-11-28,172,163,172,169,40700
2019-11-29,166,150,166,163,386300
2019-12-02,163,155,163,155,231900
2019-12-03,155,150,155,155,36700
2019-12-04,155,150,159,155,26300
2019-12-05,150,139,152,140,49100
2019-12-06,142,142,148,142,26600
2019-12-09,148,143,157,143,12900
2019-12-10,138,138,145,145,88900
2019-12-11,140,140,144,141,31000
2019-12-12,139,139,145,144,67100
2019-12-13,144,140,144,141,5600
2019-12-16,132,132,139,137,84600
2019-12-17,137,137,137,137,15300
2019-12-18,132,132,142,135,46700
2019-12-19,145,135,145,135,2900
2019-12-20,144,143,145,143,30200
2019-12-23,135,135,140,136,61300
2019-12-24,135,135,140,136,0
2019-12-25,135,135,140,136,0
2019-12-26,136,136,140,136,69500
2019-12-27,136,136,140,136,84200
2019-12-30,136,135,143,135,91600
2019-12-31,136,135,143,135,0
2020-01-01,136,135,143,135,0
2020-01-02,135,135,178,150,418600
2020-01-03,160,144,165,146,99900
2020-01-06,140,136,141,140,23600
2020-01-07,141,140,150,141,135900
2020-01-08,141,140,169,158,259100
2020-01-09,158,148,160,160,113600
2020-01-10,151,151,161,161,16900
2020-01-13,155,153,161,161,159900
2020-01-14,161,151,161,158,50000
2020-01-15,158,156,158,158,46900
2020-01-16,152,152,160,158,57100
2020-01-17,158,158,162,159,3400
2020-01-20,160,152,160,159,106000
2020-01-21,159,154,164,160,33300
2020-01-22,160,155,160,155,24500
2020-01-23,158,157,158,157,2000
2020-01-24,158,158,165,163,6700
2020-01-27,163,159,163,159,10600
2020-01-28,158,158,161,159,6000
2020-01-29,150,150,161,155,11400
2020-01-30,146,145,160,159,29700
2020-01-31,150,150,159,157,27600
2020-02-03,148,148,148,148,7000
2020-02-04,148,148,148,148,0
2020-02-05,148,148,155,152,32700
2020-02-06,143,143,150,150,421200
2020-02-07,150,150,155,150,400
2020-02-10,150,150,150,150,30400
2020-02-11,150,150,165,160,52800
2020-02-12,154,150,160,160,41000
2020-02-13,160,155,170,155,32100
2020-02-14,146,141,161,161,5500
2020-02-17,161,152,162,152,40000
2020-02-18,148,148,153,152,16100
2020-02-19,152,150,155,150,85800
2020-02-20,150,150,150,150,100
2020-02-21,150,150,165,165,1600
2020-02-24,165,155,165,155,1300
2020-02-25,150,150,150,150,5700
2020-02-26,142,140,149,145,43100
2020-02-27,145,145,159,158,5700
2020-02-28,156,155,156,155,200
2020-03-02,155,155,155,155,0
2020-03-03,154,138,154,138,27200
2020-03-04,138,130,147,147,173100
2020-03-05,147,140,147,140,5600
2020-03-06,140,140,146,146,200
2020-03-09,146,146,146,146,5600
2020-03-10,146,146,146,146,0
2020-03-11,148,132,148,132,21800
2020-03-12,130,130,140,140,20700
2020-03-13,136,135,136,135,64100
2020-03-16,135,126,150,126,7300
2020-03-17,120,118,140,140,47000
2020-03-18,140,140,140,140,0
2020-03-19,140,140,140,140,0
2020-03-20,140,139,140,139,2400
2020-03-23,130,130,155,155,13800
2020-03-24,155,155,155,155,100
2020-03-25,155,155,155,155,0
2020-03-26,150,150,151,151,1200
2020-03-27,155,150,155,150,3500
2020-03-30,155,155,155,155,100
2020-03-31,145,145,145,145,13000
2020-04-01,142,135,145,135,37400
2020-04-02,131,126,131,127,14000
2020-04-03,130,128,145,138,63600
2020-04-06,148,132,148,145,32300
2020-04-07,146,136,146,136,85300
2020-04-08,146,127,146,138,25400
2020-04-09,138,129,138,129,114200
2020-04-10,138,129,138,129,0
2020-04-13,129,121,140,139,8800
2020-04-14,140,132,140,137,18600
2020-04-15,138,138,143,140,12000
2020-04-16,140,140,146,141,6800
2020-04-17,151,136,151,136,4000
2020-04-20,134,133,143,135,10600
2020-04-21,130,126,135,128,2900
2020-04-22,140,123,140,128,1000
2020-04-23,128,122,129,122,23500
2020-04-24,122,120,122,120,12500
2020-04-27,120,118,120,118,10300
2020-04-28,118,110,124,118,6800
2020-04-29,114,110,114,110,113400
2020-04-30,110,103,110,103,341500
2020-05-01,110,103,110,103,0
2020-05-04,75,71,80,76,157833
2020-05-05,84,76,84,76,62532
2020-05-06,76,76,76,76,16793
2020-05-07,76,76,76,76,0
2020-05-08,76,73,80,80,11878
2020-05-11,81,76,81,80,1774
2020-05-12,79,76,79,79,4232
2020-05-13,79,79,79,79,8465
2020-05-14,79,74,82,82,3549
2020-05-15,82,76,82,77,409
2020-05-18,77,77,77,77,1911
2020-05-19,77,76,98,87,292455
2020-05-20,87,81,87,81,65945
2020-05-21,87,81,87,81,0
2020-05-22,87,81,87,81,0
2020-05-25,87,81,87,81,0
2020-05-26,81,80,81,81,19114
2020-05-27,81,81,81,81,1365
2020-05-28,76,76,84,78,76185
2020-05-29,77,76,82,77,29081
2020-06-01,77,76,82,77,0
2020-06-02,75,74,82,79,63215
2020-06-03,75,75,79,76,42735
2020-06-04,74,74,82,76,246034
2020-06-05,76,76,80,77,17885
2020-06-08,79,78,80,80,48606
2020-06-09,82,80,82,80,11195
2020-06-10,76,76,83,76,52565
2020-06-11,76,74,76,75,73591
2020-06-12,75,74,75,75,69495
2020-06-15,73,72,76,74,52702
2020-06-16,74,70,74,73,185959
2020-06-17,73,73,75,73,146910
2020-06-18,73,71,73,71,26077
2020-06-19,71,70,73,70,29354
2020-06-22,70,70,73,70,100762
2020-06-23,71,70,74,74,70315
2020-06-24,74,71,75,71,23347
2020-06-25,78,73,78,74,66082
2020-06-26,73,71,75,75,8192
2020-06-29,73,70,73,70,153873
2020-06-30,71,70,71,70,32222
2020-07-01,68,68,73,68,91341
2020-07-02,68,68,72,72,82330
2020-07-03,69,69,75,71,190874
2020-07-06,71,69,79,78,522242
2020-07-07,78,73,78,74,158652
2020-07-08,74,70,74,73,70861
2020-07-09,73,73,76,74,23483
2020-07-10,73,71,73,73,33041
2020-07-13,73,73,73,73,13789
2020-07-14,71,68,76,71,316212
2020-07-15,75,74,78,76,401819
2020-07-16,76,76,76,76,75912
2020-07-17,77,73,77,74,192239
2020-07-20,74,73,74,73,16930
2020-07-21,76,73,76,73,52702
2020-07-22,73,73,76,73,116873
2020-07-23,75,73,75,73,18705
2020-07-24,73,73,77,76,1342265
2020-07-27,76,76,103,103,1593488
2020-07-28,106,106,137,126,1723332
2020-07-29,126,117,128,117,465171
2020-07-30,109,109,117,113,503537
2020-07-31,109,109,117,113,0
2020-08-03,113,106,113,106,849104
2020-08-04,102,102,104,104,41642
2020-08-05,104,101,104,104,56525
2020-08-06,104,104,112,112,88610
2020-08-07,106,106,112,106,147456
2020-08-10,113,104,113,104,7645
2020-08-11,104,104,109,109,28945
2020-08-12,109,109,113,113,45192
2020-08-13,113,113,117,114,166161
2020-08-14,114,114,119,117,69905
2020-08-17,114,114,119,117,0
2020-08-18,117,117,131,131,652905
2020-08-19,131,131,139,134,857433
2020-08-20,131,131,139,134,0
2020-08-21,131,131,139,134,0
2020-08-24,134,128,139,132,107861
2020-08-25,139,134,141,136,237978
2020-08-26,136,130,150,142,369051
2020-08-27,143,139,146,142,341744
2020-08-28,142,135,142,140,83558
2020-08-31,135,135,140,139,62259
2020-09-01,141,136,141,139,47240
2020-09-02,139,139,149,146,136943
2020-09-03,146,143,146,143,36454
2020-09-04,143,143,145,143,20889
2020-09-07,143,139,143,139,33041
2020-09-08,131,131,135,133,208350
2020-09-09,133,130,142,141,194697
2020-09-10,141,131,141,131,89702
2020-09-11,135,124,142,134,270064
2020-09-14,133,125,141,139,233609
2020-09-15,139,131,139,131,132301
2020-09-16,133,131,133,131,546
2020-09-17,131,126,131,131,2048
2020-09-18,131,127,131,131,19114
2020-09-21,131,130,131,130,41779
2020-09-22,130,124,130,125,49152
2020-09-23,125,122,128,128,287404
2020-09-24,128,128,131,129,26624
2020-09-25,135,134,135,134,819
2020-09-28,134,131,134,131,1501
2020-09-29,130,128,130,128,139947
2020-09-30,131,130,131,130,5051
2020-10-01,131,131,131,131,55296
2020-10-02,131,131,131,131,11741
2020-10-05,131,123,131,130,19797
2020-10-06,129,128,131,131,138718
2020-10-07,134,129,134,134,17203
2020-10-08,131,131,131,131,13653
2020-10-09,123,123,131,131,12151
2020-10-12,130,130,134,131,309249
2020-10-13,131,123,131,130,40004
2020-10-14,130,128,131,129,238388
2020-10-15,129,129,139,135,189509
2020-10-16,139,135,139,135,2867
2020-10-19,135,126,135,126,226646
2020-10-20,119,119,136,131,39594
2020-10-21,131,124,131,128,7782
2020-10-22,128,120,128,120,43690
2020-10-23,120,113,120,119,34952
2020-10-26,114,114,128,125,23620
2020-10-27,125,117,126,126,50244
2020-10-28,125,117,126,126,0
2020-10-29,125,117,126,126,0
2020-10-30,125,117,126,126,0
2020-11-02,134,121,134,122,18568
2020-11-03,114,114,139,123,141039
2020-11-04,117,116,118,116,303242
2020-11-05,116,109,123,119,26487
2020-11-06,112,112,125,120,19797
2020-11-09,124,119,124,119,9420
2020-11-10,119,118,122,119,31266
2020-11-11,119,119,123,121,69632
2020-11-12,121,114,121,114,36864
2020-11-13,110,107,119,113,94754
2020-11-16,113,107,120,120,376287
2020-11-17,119,114,125,118,30174
2020-11-18,118,114,118,118,47377
2020-11-19,124,117,124,117,13380
2020-11-20,117,117,120,118,3686
2020-11-23,118,112,118,117,17476
2020-11-24,117,116,121,117,165069
2020-11-25,124,117,124,117,33450
2020-11-26,117,115,120,118,19660
2020-11-27,118,117,118,117,5051
2020-11-30,117,114,117,114,72499
2020-12-01,114,112,118,118,163158
2020-12-02,118,118,119,118,15974
2020-12-03,118,117,119,119,28945
2020-12-04,119,117,120,117,150733
2020-12-07,117,115,117,117,162475
2020-12-08,117,113,124,117,201660
2020-12-09,117,113,124,117,0
2020-12-10,117,114,117,117,93389
2020-12-11,117,114,117,114,56934
2020-12-14,114,114,117,117,205074
2020-12-15,117,109,117,116,121924
2020-12-16,116,113,117,113,25258
2020-12-17,113,113,120,120,1654792
2020-12-18,124,118,124,120,266650
2020-12-21,120,120,131,130,265831
2020-12-22,131,124,131,125,125338
2020-12-23,125,125,131,129,205893
2020-12-24,125,125,131,129,0
2020-12-25,125,125,131,129,0
2020-12-28,135,129,140,139,713799
2020-12-29,139,139,168,158,1017178
2020-12-30,158,147,158,149,931571
2020-12-31,158,147,158,149,0
2021-01-01,158,147,158,149,0
2021-01-04,149,142,150,143,215996
2021-01-05,143,143,150,145,168073
2021-01-06,145,142,150,147,530571
2021-01-07,147,147,161,153,1202864
2021-01-08,155,150,156,155,531253
2021-01-11,155,147,155,150,184593
2021-01-12,150,149,150,150,113869
2021-01-13,150,146,156,153,304197
2021-01-14,153,153,168,165,1389096
2021-01-15,165,156,175,159,1045986
2021-01-18,161,158,161,158,170121
2021-01-19,158,152,161,152,172032
2021-01-20,152,149,152,152,91477
2021-01-21,152,152,171,171,576856
2021-01-22,171,159,172,159,389804
2021-01-25,159,149,159,149,469540
2021-01-26,152,146,155,155,288496
2021-01-27,158,147,158,147,214767
2021-01-28,156,147,156,153,112640
2021-01-29,153,147,153,153,172988
2021-02-01,153,147,153,149,104038
2021-02-02,149,149,153,152,60211
2021-02-03,152,149,155,155,26760
2021-02-04,155,147,155,149,212037
2021-02-05,149,147,153,153,277846
2021-02-08,155,152,155,152,44100
2021-02-09,152,152,155,152,148002
2021-02-10,152,149,152,149,32631
2021-02-11,156,149,156,152,18568
2021-02-12,156,149,156,152,0
2021-02-15,152,142,164,153,410011
2021-02-16,153,146,156,150,99669
2021-02-17,150,150,187,187,9668518
2021-02-18,187,180,232,200,9309980
2021-02-19,203,187,216,187,1750229
2021-02-22,187,175,187,177,1153575
2021-02-23,181,165,183,177,509681
2021-02-24,175,174,196,188,1935096
2021-02-25,191,190,234,232,9473138
2021-02-26,232,232,285,262,9389579
2021-03-01,273,265,326,326,13963332
2021-03-02,336,336,406,406,17625174
2021-03-03,461,461,505,505,10790418
2021-03-04,505,505,505,505,0
2021-03-05,531,505,629,589,33910539
2021-03-08,589,589,589,589,0
2021-03-09,589,589,589,589,0
2021-03-10,589,589,589,589,0
2021-03-11,589,589,589,589,0
2021-03-12,589,589,589,589,0
2021-03-15,589,589,589,589,0
2021-03-16,589,589,589,589,0
2021-03-17,589,589,589,589,0
2021-03-18,549,549,549,549,130936
2021-03-19,512,512,512,512,123426
2021-03-22,479,479,479,479,49834
2021-03-23,446,446,446,446,36454
2021-03-24,417,417,417,417,95983
2021-03-25,391,391,391,391,1142516
2021-03-26,364,364,364,364,200841
2021-03-29,364,339,364,339,244122
2021-03-30,339,316,399,316,21459185
2021-03-31,304,294,304,294,4799443
2021-04-01,294,273,298,273,5547512
2021-04-02,294,273,298,273,0
2021-04-05,257,254,263,254,1048308
2021-04-06,249,237,254,237,1861914
2021-04-07,237,221,282,247,19542521
2021-04-08,249,231,285,259,21654428
2021-04-09,263,246,270,253,6344325
2021-04-12,254,241,263,251,3655697
2021-04-13,249,234,249,237,2253493
2021-04-14,237,237,253,238,1250924
2021-04-15,243,231,246,237,1500918
2021-04-16,238,231,240,234,668880
2021-04-19,234,218,237,227,791351
2021-04-20,227,221,231,224,316212
2021-04-21,224,221,228,225,336010
2021-04-22,225,218,225,221,319489
2021-04-23,221,218,224,219,280713
2021-04-26,219,208,219,210,384479
2021-04-27,209,209,227,212,1426234
2021-04-28,212,206,216,209,1072338
2021-04-29,209,209,228,228,3780489
2021-04-30,234,228,254,247,8143570
2021-05-03,254,247,309,309,9609672
2021-05-04,348,316,384,384,19176336
2021-05-05,417,358,479,358,26317065
2021-05-06,358,333,358,333,581498
2021-05-07,333,312,417,417,29765094
2021-05-10,439,417,498,457,23494907
2021-05-11,432,428,454,428,1893590
2021-05-12,432,428,454,428,0
2021-05-13,432,428,454,428,0
2021-05-14,432,428,454,428,0
2021-05-17,421,399,421,399,241938
2021-05-18,373,373,432,373,5240994
2021-05-19,377,350,388,369,1712682
2021-05-20,369,345,369,363,2400950
2021-05-21,363,355,450,373,12275225
2021-05-24,384,348,384,348,3527355
2021-05-25,328,325,341,325,2370366
2021-05-26,328,325,341,325,0
2021-05-27,326,312,342,326,2343469
2021-05-28,326,304,333,322,2849874
2021-05-31,322,314,380,354,6429522
2021-06-01,322,314,380,354,0
2021-06-02,373,361,402,369,8725887
2021-06-03,373,369,380,377,1436883
2021-06-04,377,366,465,432,9075414
2021-06-07,439,402,446,402,2897114
2021-06-08,402,377,417,391,3088262
2021-06-09,380,364,406,388,2755529
2021-06-10,388,362,470,456,5757700
2021-06-11,462,462,540,470,3025400
2021-06-14,470,458,472,458,486800
2021-06-15,458,426,464,426,889800
2021-06-16,426,398,426,398,514300
2021-06-17,372,372,372,372,362700
2021-06-18,346,346,346,346,500600
2021-06-21,322,322,322,322,360800
2021-06-22,300,300,300,300,5490400
2021-06-23,280,280,280,280,2678300
2021-06-24,262,262,262,262,1430700
2021-06-25,244,244,244,244,1448100
2021-06-28,228,228,252,228,169895200
2021-06-29,228,214,238,222,26324100
2021-06-30,222,220,246,220,55587000
2021-07-01,220,206,220,206,14238600
2021-07-02,192,192,192,192,4539200
2021-07-05,179,179,179,179,10205900
2021-07-06,171,167,175,167,136214200
2021-07-07,168,168,224,224,458199000
2021-07-08,242,234,280,270,918189100
2021-07-09,270,252,280,252,121640800
2021-07-12,236,236,242,236,126501300
2021-07-13,220,220,268,236,501827900
2021-07-14,240,220,248,228,88982100
2021-07-15,228,220,244,234,116386800
2021-07-16,238,224,238,224,46390200
2021-07-19,224,216,228,218,42718000
2021-07-20,224,216,228,218,0
2021-07-21,218,216,228,224,40401600
2021-07-22,224,224,234,228,40010900
2021-07-23,228,222,232,224,21110400
2021-07-26,224,222,244,232,76725700
2021-07-27,232,224,236,226,40498900
2021-07-28,226,222,232,224,26130900
2021-07-29,228,224,252,234,193286000
2021-07-30,236,234,292,264,663031800
2021-08-02,272,248,274,250,142365300
2021-08-03,246,246,294,280,358073000
2021-08-04,282,282,350,350,473922600
2021-08-05,360,330,392,340,424244800
2021-08-06,342,320,362,328,161473500
2021-08-09,330,308,360,316,156443100
2021-08-10,316,298,330,306,61326500
2021-08-11,316,298,330,306,0
2021-08-12,306,300,346,336,197065400
2021-08-13,334,314,342,314,56291500
2021-08-16,298,294,314,294,27645600
2021-08-17,298,294,314,294,0
2021-08-18,280,274,290,274,72765300
2021-08-19,272,256,272,256,27735900
2021-08-20,248,240,274,256,92408800
2021-08-23,258,256,316,308,143812800
2021-08-24,308,288,312,296,95488300
2021-08-25,298,292,324,306,154346800
2021-08-26,308,286,310,286,59165600
2021-08-27,284,266,292,268,31977900
2021-08-30,270,268,284,268,20211500
2021-08-31,268,268,276,270,12331600
2021-09-01,272,268,280,268,18811800
2021-09-02,268,258,272,260,15117500
2021-09-03,260,250,268,262,18628000
2021-09-06,264,254,268,268,17656100
2021-09-07,270,260,274,264,14106500
2021-09-08,264,254,270,258,10761600
2021-09-09,258,244,262,250,11535200
2021-09-10,250,240,268,260,28786100
2021-09-13,262,252,264,264,16716100
2021-09-14,268,264,280,264,69026800
2021-09-15,268,252,268,254,18105300
2021-09-16,254,254,262,256,9749700
2021-09-17,256,252,260,254,6457900
2021-09-20,254,250,258,250,8980000
2021-09-21,250,242,250,244,5818100
2021-09-22,244,244,254,246,5808900
2021-09-23,248,242,250,244,4388100
2021-09-24,244,228,244,228,20560300
2021-09-27,226,214,228,214,27496100
2021-09-28,214,200,216,200,27776200
2021-09-29,200,193,232,214,74982000
2021-09-30,216,204,216,206,8402600
2021-10-01,206,204,210,208,4957100
2021-10-04,208,204,216,214,10372300
2021-10-05,212,200,216,204,9294200
2021-10-06,204,198,214,202,18883600
2021-10-07,204,202,214,206,11410900
2021-10-08,210,206,212,206,4783700
2021-10-11,208,200,210,202,5857100
2021-10-12,202,197,204,198,7291200
2021-10-13,198,195,204,198,10465400
2021-10-14,198,195,202,197,6267000
2021-10-15,200,197,224,204,87127800
2021-10-18,206,202,212,210,20424500
2021-10-19,210,206,218,206,16319200
2021-10-20,210,206,218,206,0
2021-10-21,208,204,216,210,14523500
2021-10-22,214,206,214,210,8537900
2021-10-25,210,210,226,226,41995800
2021-10-26,230,212,234,214,53786100
2021-10-27,214,202,218,202,30224800
2021-10-28,202,198,206,202,16653600
2021-10-29,202,199,204,200,16797500
2021-11-01,202,198,204,200,7453100
2021-11-02,200,199,204,199,8427600
2021-11-03,199,199,202,199,6768400
2021-11-04,200,198,200,199,8034800
2021-11-05,200,197,204,197,71843100
2021-11-08,198,197,204,200,126771600
2021-11-09,200,197,204,198,50778200
2021-11-10,199,195,199,196,21405700
2021-11-11,196,184,197,189,40237000
2021-11-12,190,188,197,191,22224200
2021-11-15,191,188,196,192,17533400
2021-11-16,192,189,195,190,19254200
2021-11-17,190,187,194,190,17431100
2021-11-18,191,188,191,189,9723300
2021-11-19,189,189,196,190,26870800
2021-11-22,190,188,194,188,7178400
2021-11-23,188,185,190,187,8949000
2021-11-24,187,186,189,187,7905800
2021-11-25,188,184,189,184,5325700
2021-11-26,184,176,185,176,17361600
2021-11-29,176,170,185,177,9982200
2021-11-30,176,176,182,177,6059000
2021-12-01,178,172,179,173,6880300
2021-12-02,173,172,177,176,4344700
2021-12-03,174,174,178,176,3329700
2021-12-06,176,176,181,179,5336400
2021-12-07,179,178,197,185,75348400
2021-12-08,179,185,196,187,29135000
2021-12-09,189,184,189,186,17070200
2021-12-10,186,185,192,185,55129400
2021-12-13,190,184,200,190,565067800
2021-12-14,194,177,195,185,302918800
2021-12-15,185,183,197,187,387765900
2021-12-16,189,178,193,179,187951100
2021-12-17,179,176,187,180,117448000
2021-12-20,180,176,183,176,51865000
2021-12-21,177,172,180,174,42545900
2021-12-22,176,170,177,171,37586400
2021-12-23,171,163,172,163,62087200
2021-12-24,164,160,168,165,47239500
2021-12-27,165,162,168,164,16909800
2021-12-28,167,166,183,173,158631100
2021-12-29,175,168,176,170,35467300
2021-12-30,172,166,172,166,16307200
2021-12-31,172,166,172,166,0
2022-01-03,166,162,167,166,27237900
2022-01-04,166,164,169,166,15996000
2022-01-05,166,166,172,167,22908900
2022-01-06,169,162,169,164,22590900
2022-01-07,165,159,166,160,26436300
2022-01-10,162,150,162,153,33508000
2022-01-11,153,144,154,145,37204800
2022-01-12,143,136,146,137,28512300
2022-01-13,137,132,179,167,376721600
2022-01-14,167,158,173,159,68348500
2022-01-17,159,148,159,148,60394600
2022-01-18,148,146,174,172,234670100
2022-01-19,176,161,176,167,172121000
2022-01-20,167,165,175,165,62892500
2022-01-21,165,160,169,163,40195200
2022-01-24,165,156,167,157,33092800
2022-01-25,156,149,156,149,36747000
2022-01-26,149,144,157,151,36273000
2022-01-27,151,149,153,149,11902900
2022-01-28,149,149,157,152,32454400
2022-01-31,153,152,165,157,73129200
2022-02-01,153,152,165,157,0
2022-02-02,157,157,162,157,30161600
2022-02-03,158,155,168,159,60508600
2022-02-04,160,158,169,162,80165200
2022-02-07,164,161,167,162,31295200
2022-02-08,164,162,170,170,65930400
2022-02-09,172,165,176,166,86858900
2022-02-10,167,167,171,171,35246700
2022-02-11,171,168,176,172,42503600
2022-02-14,172,160,174,160,40242900
2022-02-15,160,153,164,160,38429000
2022-02-16,160,158,170,169,32983800
2022-02-17,170,162,172,162,27752600
2022-02-18,162,162,169,166,21062400
2022-02-21,167,163,169,165,13664100
2022-02-22,165,158,166,159,20167800
2022-02-23,159,155,161,157,29748300
2022-02-24,156,147,159,147,44838200
2022-02-25,150,144,154,148,16119600
2022-02-28,150,144,154,148,0
2022-03-01,148,148,154,149,9374400
2022-03-02,150,146,151,146,13000000
2022-03-03,150,146,151,146,0
2022-03-04,147,138,148,140,20703100
2022-03-07,140,133,140,136,19258100
2022-03-08,136,134,142,135,17865200
2022-03-09,136,135,141,137,13614900
2022-03-10,137,136,143,142,9867200
2022-03-11,142,138,143,140,8764900
2022-03-14,140,140,144,141,8156300
2022-03-15,141,135,147,136,24312800
2022-03-16,136,136,143,140,13535100
2022-03-17,140,137,142,137,10021600
2022-03-18,137,137,144,138,16366100
2022-03-21,139,138,141,138,7235800
2022-03-22,138,138,144,141,17716700
2022-03-23,142,140,143,140,6973900
2022-03-24,140,139,142,139,3772600
2022-03-25,140,137,142,137,5531700
2022-03-28,137,136,142,137,11626200
2022-03-29,138,136,140,137,14117500
2022-03-30,139,138,146,141,39967100
2022-03-31,142,139,153,146,78579300
2022-04-01,147,143,153,146,32020200
2022-04-04,147,139,147,142,16068600
2022-04-05,142,140,145,143,8069900
2022-04-06,144,139,144,140,13766500
2022-04-07,140,138,143,140,11372000
2022-04-08,140,138,141,139,6715000
2022-04-11,139,133,140,133,26637300
2022-04-12,133,130,135,132,8180200
2022-04-13,132,129,135,132,7364000
2022-04-14,133,129,134,129,7510300
2022-04-15,133,129,134,129,0
2022-04-18,131,129,133,129,7661200
2022-04-19,129,127,131,129,7993500
2022-04-20,130,128,134,131,15956500
2022-04-21,131,127,132,128,8144500
2022-04-22,127,125,129,126,7562900
2022-04-25,126,122,127,123,4072800
2022-04-26,123,121,124,122,4634900
2022-04-27,122,121,128,124,12686500
2022-04-28,126,125,127,125,3213800
2022-04-29,126,125,127,125,0
2022-05-02,126,125,127,125,0
2022-05-03,126,125,127,125,0
2022-05-04,126,125,127,125,0
2022-05-05,126,125,127,125,0
2022-05-06,126,125,127,125,0
2022-05-09,125,117,127,121,10096100
2022-05-10,121,115,121,117,5933800
2022-05-11,118,118,123,120,5026300
2022-05-12,120,115,122,115,8875400
2022-05-13,115,115,118,115,5668600
2022-05-16,115,115,118,115,0
2022-05-17,116,114,118,116,6106500
2022-05-18,116,115,119,116,8465400
2022-05-19,116,114,123,119,24388200
2022-05-20,119,118,128,127,26159800
2022-05-23,128,124,130,126,9402700
2022-05-24,126,123,129,125,5240000
2022-05-25,125,123,126,124,5052600
2022-05-26,125,123,126,124,0
2022-05-27,125,121,126,124,8217300
2022-05-30,124,123,126,124,3437900
2022-05-31,124,124,129,127,8526300
2022-06-01,124,124,129,127,0
2022-06-02,128,122,129,123,11489000
2022-06-03,125,123,126,125,6153500
2022-06-06,126,121,126,124,5031100
2022-06-07,124,122,134,127,40434000
2022-06-08,127,125,130,125,7095800
2022-06-09,127,124,129,124,5422600
2022-06-10,125,124,132,130,30097100
2022-06-13,131,126,139,127,46652700
2022-06-14,127,122,127,124,11115400
2022-06-15,125,122,127,123,5274900
2022-06-16,123,123,127,124,5203100
2022-06-17,124,116,124,118,15510300
2022-06-20,118,118,122,120,6118500
2022-06-21,120,120,126,121,6026500
2022-06-22,122,119,123,122,5073400
2022-06-23,122,120,126,121,4260700
2022-06-24,122,120,123,122,2900500
2022-06-27,121,121,124,122,5002500
2022-06-28,122,121,123,122,2937100
2022-06-29,123,121,124,121,2743900
2022-06-30,122,120,126,120,5245500
2022-07-01,120,119,122,120,4658500
2022-07-04,120,112,120,114,11796200
2022-07-05,115,113,117,115,3130800
2022-07-06,115,112,115,114,3142100
2022-07-07,114,112,116,115,4319900
2022-07-08,115,113,120,120,11446100
2022-07-11,112,112,126,120,30041000
2022-07-12,121,120,125,123,10249700
2022-07-13,124,117,124,118,6229400
2022-07-14,118,115,120,117,6796200
2022-07-15,117,115,120,117,9025400
2022-07-18,118,115,119,117,5630200
2022-07-19,117,117,120,118,3596700
2022-07-20,118,118,121,118,7587700
2022-07-21,118,117,120,118,4148100
2022-07-22,119,117,119,118,2306800
2022-07-25,119,112,119,114,12509800
2022-07-26,114,114,122,118,11968200
2022-07-27,118,115,120,117,8539100
2022-07-28,118,116,119,118,6066100
2022-07-29,120,117,120,118,4550700
2022-08-01,117,116,118,118,5568100
2022-08-02,119,117,128,128,50458900
2022-08-03,130,120,130,120,22170300
2022-08-04,119,118,127,121,15711000
2022-08-05,121,119,122,119,6227600
2022-08-08,113,113,121,118,22660933
2022-08-09,121,117,125,119,16794800
2022-08-10,119,116,120,116,9552300
2022-08-11,116,115,119,116,12467000
2022-08-12,118,112,118,113,24885900
2022-08-15,113,112,114,113,19266400
2022-08-16,113,111,114,112,12050600
2022-08-17,113,111,114,112,0
2022-08-18,113,111,114,113,39127100
2022-08-19,113,110,113,111,22722000
2022-08-22,111,111,113,112,35484000
2022-08-23,112,111,112,112,14539700
2022-08-24,112,111,122,118,121061900
2022-08-25,113,113,119,115,108228500
2022-08-26,116,112,118,113,167255700
2022-08-29,112,106,112,106,135931800
2022-08-30,104,104,112,112,69766400
2022-08-31,112,108,117,117,41951700
2022-09-01,115,114,120,118,64420200
2022-09-02,118,111,119,111,59964700
2022-09-05,111,110,112,110,22774400
2022-09-06,110,109,113,110,14976800
2022-09-07,110,108,112,110,17039300
2022-09-08,110,109,112,109,22148900
2022-09-09,110,109,113,112,20955800
2022-09-12,112,110,114,112,14784500
2022-09-13,113,111,113,111,13841200
2022-09-14,110,109,114,114,37461100
2022-09-15,114,112,115,112,13864500
2022-09-16,113,109,113,110,22723000
2022-09-19,110,103,111,104,61332300
2022-09-20,98,98,107,103,33876700
2022-09-21,105,101,105,102,10061900
2022-09-22,102,98,103,100,20028700
2022-09-23,94,94,104,102,15032100
2022-09-26,102,99,104,100,15495900
2022-09-27,100,98,101,100,9468500
2022-09-28,99,95,100,96,21975600
2022-09-29,96,92,98,93,12464300
2022-09-30,93,89,94,90,16125900
2022-10-03,91,89,92,90,4640000
2022-10-04,91,89,94,93,7857900
2022-10-05,93,92,95,94,5176800
2022-10-06,94,92,95,94,6253600
2022-10-07,94,91,95,93,9387300
2022-10-10,93,90,93,91,8054300
2022-10-11,93,91,98,93,29357000
2022-10-12,94,93,100,95,38040700
2022-10-13,95,92,97,93,9072600
2022-10-14,94,90,94,90,11533200
2022-10-17,90,87,91,88,11844100
2022-10-18,88,85,92,89,29772500
2022-10-19,89,89,92,89,11355700
2022-10-20,91,89,92,89,6454000
2022-10-21,89,89,93,91,8601100
2022-10-24,91,91,98,94,19214900
2022-10-25,94,94,98,97,18649200
2022-10-26,98,93,98,94,11912600
2022-10-27,94,94,96,94,4084500
2022-10-28,94,93,95,94,3076900
2022-10-31,93,93,98,95,3587900
2022-11-01,95,92,95,92,5801100
2022-11-02,93,91,93,92,2560000
2022-11-03,91,91,93,92,4081600
2022-11-04,92,91,93,92,2620200
2022-11-07,93,92,102,95,0
2022-11-08,93,92,102,95,0
2022-11-09,93,92,102,95,0
2022-11-10,93,92,102,95,76347700
2022-11-11,96,93,97,96,14953500
2022-11-14,96,95,97,96,5780400
2022-11-15,96,94,99,96,15826600
2022-11-16,96,96,101,97,20196400
2022-11-17,97,97,104,101,30816500
2022-11-18,102,98,103,98,13536600
2022-11-21,99,98,110,104,101806100
2022-11-22,105,101,105,101,17295700
2022-11-23,101,101,105,103,12699900
2022-11-24,103,100,104,100,18905000
2022-11-25,100,99,102,100,7094100
2022-11-28,100,98,101,99,8867100
2022-11-29,100,98,101,99,4841700
2022-11-30,99,98,104,100,26193400
2022-12-01,99,98,104,100,0
2022-12-02,99,98,100,98,6295300
2022-12-05,98,95,100,96,7396800
2022-12-06,96,93,96,95,4428200
2022-12-07,95,92,95,92,5333000
2022-12-08,93,88,93,92,8210600
2022-12-09,92,90,92,91,2904800
2022-12-12,91,89,91,89,4084300
2022-12-13,89,89,92,90,7021600
2022-12-14,91,89,91,90,6306600
2022-12-15,90,90,92,92,2776100
2022-12-16,92,90,93,90,3622200
2022-12-19,90,90,92,91,1768700
2022-12-20,88,88,92,90,4529900
2022-12-21,90,89,91,89,3859500
2022-12-22,89,89,91,89,2522200
2022-12-23,89,88,90,88,3828100
2022-12-26,83,83,89,87,2615500
2022-12-27,87,84,88,86,7347700
2022-12-28,86,86,90,87,7227900
2022-12-29,88,87,91,90,3206000
2022-12-30,90,88,91,90,3276500
2023-01-02,91,89,105,96,89829800
2023-01-03,97,92,98,95,13839300
2023-01-04,95,93,96,94,6691900
2023-01-05,94,91,95,91,11672500
2023-01-06,91,88,92,89,6280800
